zipcode,new_zone
27006,10a
27007,7b
27009,8a
27010,8a
27011,7b
27012,7b
27013,7b
27014,7b
27016,8a
27017,8a
27018,8a
27019,7b
27020,7b
27021,8b
27022,8b
27023,7b
27024,8a
27025,7b
27027,7b
27028,7b
27030,7b
27031,7b
27040,7b
27041,8a
27042,8a
27043,8b
27045,8a
27046,7b
27047,8a
27048,8a
27049,7b
27050,7b
27051,8b
27052,8a
27053,7b
27054,8b
27055,7b
27094,7b
27098,8a
27099,7b
27101,9a
27102,8b
27103,8a
27104,8b
27105,8a
27106,8a
27107,9a
27108,8a
27109,8b
27110,8b
27111,8b
27113,8b
27114,8a
27115,8b
27116,8b
27117,9a
27120,8a
27127,8a
27130,9a
27150,8b
27152,8a
27155,8a
27157,8a
27198,8a
27199,8a
27201,8a
27202,8b
27203,8a
27204,9a
27205,8a
27207,8a
27208,8b
27209,10a
27212,7b
27213,8a
27214,8a
27215,8a
27216,8a
27217,8b
27228,9a
27229,8b
27230,9a
27231,8a
27233,8a
27235,8b
27237,8b
27239,8a
27242,8a
27243,8b
27244,8a
27247,8a
27248,8a
27249,10a
27252,8a
27253,8a
27256,8b
27258,8a
27259,8a
27260,8a
27261,8a
27262,8a
27263,8b
27264,8b
27265,8a
27268,8a
27278,9a
27281,8b
27282,8a
27283,8a
27284,8b
27285,10a
27288,7b
27289,7b
27291,7b
27292,8b
27293,8a
27294,8b
27295,7b
27298,9a
27299,8a
27301,8b
27302,8a
27305,8a
27306,8a
27310,8b
27311,7b
27312,8a
27313,8a
27314,7b
27315,9b
27316,8b
27317,8a
27320,8a
27323,8a
27325,8a
27326,8a
27330,8a
27331,9a
27332,8a
27340,8a
27341,8a
27342,8b
27343,8b
27344,8b
27349,8a
27350,8b
27351,9a
27355,8a
27356,8b
27357,8a
27358,8a
27359,8b
27360,8a
27361,8a
27370,8a
27371,8a
27373,8a
27374,8b
27375,9b
27376,8b
27377,8a
27379,8a
27401,8a
27402,8a
27403,8b
27404,8a
27405,8a
27406,8b
27407,8a
27408,8a
27409,8a
27410,8a
27412,8a
27415,8a
27416,10a
27417,8b
27419,8b
27420,8b
27425,10a
27427,8a
27429,8b
27435,8a
27438,8a
27455,8a
27495,8a
27497,8b
27498,8a
27499,8a
27501,8b
27502,10a
27503,8b
27504,8a
27505,8a
27506,8b
27507,7b
27508,8a
27509,8a
27510,8a
27511,8a
27512,8a
27513,8a
27514,8a
27515,8a
27516,8b
27517,8b
27518,8a
27519,8a
27520,10a
27521,8b
27522,8a
27523,8a
27524,9a
27525,8a
27526,8a
27527,9a
27528,8a
27529,8a
27530,8b
27531,8b
27532,9a
27533,8a
27534,8b
27536,7b
27537,7b
27539,8a
27540,10a
27541,7b
27542,8b
27543,8a
27544,7b
27545,9a
27546,8a
27549,8a
27551,10a
27552,8a
27553,7b
27555,8b
27556,9b
27557,8b
27559,10a
27560,8a
27562,8a
27563,7b
27565,8b
27568,9a
27569,8b
27570,7b
27571,8a
27572,7b
27573,7b
27574,7b
27576,8a
27577,8a
27581,8a
27582,7b
27583,7b
27584,8a
27586,7b
27587,8a
27588,8a
27589,8b
27591,8a
27592,10a
27593,8a
27594,8a
27596,9a
27597,10a
27601,8a
27602,9a
27603,8a
27604,8a
27605,8b
27606,9a
27607,8b
27608,9a
27609,8b
27610,8b
27611,8a
27612,9a
27613,8b
27614,8a
27615,10a
27616,8b
27617,8a
27619,8b
27620,8b
27622,8a
27623,8a
27624,8a
27625,8b
27626,8a
27627,8a
27628,8a
27629,8a
27634,8a
27635,8a
27636,8b
27640,8a
27650,8a
27656,10a
27658,8a
27661,8a
27668,8b
27675,8b
27676,8a
27690,8b
27695,8a
27697,8a
27698,8a
27699,8b
27701,8a
27702,8a
27703,8b
27704,8b
27705,8b
27706,8a
27707,8b
27708,9a
27709,8a
27711,8a
27712,8a
27713,8b
27715,8a
27717,8a
27722,8b
27801,8b
27802,10a
27803,10b
27804,8b
27805,8b
27806,8b
27807,8b
27808,11a
27809,8a
27810,8b
27811,8a
27812,8b
27813,9a
27814,8b
27815,8a
27816,8b
27817,8b
27818,10b
27819,8a
27820,8b
27821,9a
27822,8a
27823,8a
27824,8b
27825,8a
27826,9a
27827,8b
27828,10a
27829,10a
27830,8a
27831,9a
27832,8a
27833,8b
27834,8b
27835,8b
27836,8a
27837,8b
27839,8a
27840,10a
27841,8b
27842,8a
27843,8a
27844,8b
27845,8a
27846,8a
27847,8a
27849,8b
27850,10a
27851,10a
27852,8b
27853,8b
27855,8a
27856,9a
27857,8a
27858,8b
27860,8a
27861,8a
27862,8a
27863,8b
27864,8b
27865,8a
27866,8a
27867,8b
27868,8a
27869,8a
27870,8a
27871,8b
27872,8a
27873,8a
27874,8a
27875,8b
27876,8b
27877,8b
27878,10a
27879,8a
27880,8b
27881,8a
27882,8b
27883,9a
27884,8b
27885,9a
27886,8a
27887,8a
27888,8b
27889,9a
27890,8b
27891,9a
27892,8a
27893,8a
27894,8a
27895,9a
27896,8b
27897,8a
27906,8a
27907,8a
27909,8a
27910,8a
27915,9a
27916,8b
27917,8b
27919,8a
27920,11a
27921,8a
27922,9a
27923,8b
27924,8a
27925,8b
27926,8b
27927,8b
27928,8a
27929,8b
27930,8b
27932,8a
27935,8b
27936,9b
27937,8a
27938,8b
27939,10b
27941,9b
27942,8a
27943,9a
27944,10a
27946,8a
27947,9a
27948,9a
27949,9a
27950,9a
27953,9b
27954,10a
27956,9a
27957,8a
27958,8a
27959,9a
27960,10a
27962,8a
27964,10a
27965,9a
27966,9a
27967,8a
27968,9b
27969,8a
27970,8b
27972,9b
27973,9a
27974,8b
27976,8a
27978,8b
27979,8b
27980,10a
27981,9a
27982,9b
27983,10a
27985,8a
27986,9a
28001,8a
28002,10a
28006,8a
28007,8a
28009,8b
28010,8a
28012,8b
28016,8b
28017,9a
28018,7b
28019,8a
28020,8b
28021,8a
28023,7b
28024,8b
28025,9a
28026,8b
28027,8a
28031,9a
28032,8a
28033,8a
28034,9a
28035,8a
28036,8a
28037,8b
28038,8a
28039,8a
28040,8a
28041,8b
28042,8a
28043,8b
28052,10a
28053,8a
28054,8a
28055,10a
28056,8a
28070,9a
28071,8a
28072,8a
28073,9a
28074,8a
28075,9a
28076,8a
28077,8b
28078,8a
28079,8b
28080,8a
28081,8a
28082,8a
28083,8a
28086,8a
28088,7b
28089,9a
28090,8a
28091,8a
28092,8b
28093,8a
28097,8b
28098,8a
28101,8a
28102,8a
28103,8b
28104,8a
28105,8b
28106,8b
28107,10b
28108,10a
28109,8a
28110,8b
28111,9a
28112,8b
28114,8a
28115,8a
28117,8a
28119,8a
28120,10b
28123,8a
28124,8a
28125,7b
28126,9a
28127,8b
28128,8b
28129,8a
28130,10b
28133,8a
28134,8b
28135,8a
28136,8a
28137,8b
28138,9b
28139,8b
28144,8b
28145,8a
28146,8a
28147,7b
28150,8b
28151,8a
28152,8a
28159,8a
28160,8b
28163,8b
28164,8b
28166,8a
28167,8a
28168,8a
28169,8a
28170,10b
28173,9a
28174,8b
28201,8a
28202,8a
28203,8a
28204,8a
28205,8a
28206,8a
28207,8a
28208,8a
28209,9a
28210,8b
28211,8b
28212,8a
28213,8b
28214,8b
28215,8b
28216,8a
28217,8a
28218,8a
28219,8a
28220,9a
28221,8b
28222,8a
28223,8a
28224,8b
28226,10a
28227,8b
28228,8a
28229,9a
28230,8a
28231,8a
28232,8a
28233,8a
28234,8b
28235,8a
28236,8a
28237,8b
28241,9a
28242,8a
28243,10a
28244,8a
28246,8a
28247,8b
28253,8b
28254,8a
28255,9a
28256,8b
28258,8a
28260,8a
28262,8a
28263,8a
28265,8a
28266,8b
28269,10a
28270,8b
28271,8b
28272,8a
28273,8a
28274,8a
28275,8b
28277,9a
28278,9a
28280,8a
28281,8a
28282,9a
28284,8b
28285,8a
28287,8a
28288,10a
28289,8a
28290,8b
28296,10b
28297,8b
28299,9a
28301,8b
28302,9b
28303,8a
28304,9a
28305,8b
28306,8b
28307,8a
28308,8b
28309,9a
28310,8a
28311,9a
28312,8b
28314,9a
28315,8a
28318,8b
28319,8b
28320,9b
28323,8a
28325,8b
28326,8a
28327,9a
28328,9a
28329,8b
28330,8a
28331,9a
28332,9a
28333,8b
28334,8a
28335,8a
28337,8b
28338,8a
28339,8b
28340,9b
28341,8a
28342,8a
28343,8b
28344,8b
28345,8a
28347,8a
28348,9a
28349,8a
28350,10a
28351,9a
28352,8a
28353,8a
28355,8b
28356,8a
28357,8a
28358,8b
28359,9a
28360,8b
28362,8b
28363,8b
28364,8a
28365,8a
28366,8b
28367,9a
28368,8a
28369,10b
28370,9a
28371,9a
28372,8b
28373,8a
28374,8a
28375,9a
28376,8a
28377,8a
28378,9a
28379,8b
28380,8a
28382,9a
28383,8b
28384,8b
28385,9a
28386,8b
28387,8b
28388,8a
28390,8b
28391,8b
28392,9a
28393,8b
28394,8b
28395,9a
28396,8b
28398,8a
28399,9a
28401,9a
28402,8b
28403,8b
28404,8b
28405,8b
28406,8b
28407,8b
28408,9b
28409,8b
28410,9a
28411,8b
28412,8b
28420,9b
28421,8b
28422,8b
28423,8b
28424,9a
28425,8a
28428,9a
28429,9a
28430,9a
28431,9a
28432,9a
28433,8b
28434,9b
28435,11a
28436,9a
28438,9b
28439,9a
28441,8b
28442,9a
28443,9a
28444,8a
28445,9b
28447,8b
28448,8b
28449,8b
28450,8b
28451,8b
28452,8b
28453,8b
28454,8a
28455,8b
28456,8b
28457,8a
28458,8a
28459,8b
28460,9a
28461,9b
28462,9b
28463,9a
28464,9a
28465,8b
28466,10a
28467,8b
28468,10b
28469,8b
28470,8b
28472,8b
28478,8a
28479,9a
28480,9b
28501,9a
28502,8a
28503,8b
28504,9a
28508,8b
28509,8b
28510,8b
28511,9a
28512,8b
28513,8b
28515,8b
28516,8b
28518,8a
28519,8b
28520,8b
28521,8b
28522,8a
28523,9b
28524,8b
28525,8a
28526,8b
28527,8b
28528,9b
28529,9b
28530,9b
28531,9b
28532,9a
28533,9a
28537,10b
28538,8b
28539,10b
28540,8a
28541,8b
28542,8b
28543,8b
28544,8b
28545,9a
28546,8a
28547,8b
28551,8b
28552,8b
28553,10a
28554,8a
28555,8b
28556,9a
28557,9a
28560,9a
28561,8b
28562,9a
28563,8b
28564,9a
28570,8b
28571,8b
28572,8b
28573,9a
28574,8b
28577,9a
28578,8a
28579,9a
28580,8a
28581,9a
28582,9a
28583,8b
28584,9a
28585,8b
28586,9b
28587,9a
28589,8b
28590,8a
28594,9a
28601,9a
28602,8a
28603,8a
28604,7a
28605,6b
28606,8a
28607,8a
28609,8b
28610,10a
28611,7b
28612,8b
28613,9a
28615,7b
28616,7a
28617,7a
28618,8a
28619,7b
28621,8b
28622,6b
28623,7a
28624,7b
28625,7b
28626,7a
28627,7a
28628,8b
28629,7b
28630,8a
28631,7a
28634,8a
28635,7b
28636,8a
28637,8b
28638,8a
28640,9a
28641,7a
28642,8a
28643,7a
28644,7b
28645,7b
28646,6b
28647,7a
28649,7b
28650,8b
28651,8a
28652,7a
28653,8b
28654,7b
28655,7b
28656,8b
28657,7a
28658,8b
28659,7b
28660,9b
28661,7b
28662,6b
28663,7b
28664,7b
28665,8b
28666,8a
28667,8a
28668,8a
28669,7b
28670,8a
28671,9a
28672,7b
28673,8a
28675,7a
28676,8a
28677,9a
28678,8a
28679,7b
28680,7b
28681,8b
28682,9a
28683,8b
28684,7a
28685,7b
28687,7b
28688,7b
28689,7b
28690,7b
28691,7a
28692,7a
28693,7a
28694,7a
28697,8a
28698,7a
28699,8a
28701,7b
28702,7a
28704,8a
28705,8a
28707,9a
28708,7a
28709,7a
28710,8b
28711,7a
28712,7b
28713,8a
28714,8a
28715,7a
28716,7a
28717,7a
28718,8a
28719,7b
28720,7b
28721,7a
28722,8a
28723,7a
28724,8b
28725,7b
28726,7b
28727,9b
28728,8a
28729,8a
28730,7a
28731,7b
28732,7b
28733,7b
28734,8b
28735,7a
28736,9a
28737,8a
28738,7a
28739,8a
28740,7b
28741,7b
28742,7b
28743,7a
28744,7b
28745,7b
28746,8a
28747,7b
28748,9a
28749,7b
28750,8b
28751,7a
28752,7b
28753,7a
28754,7a
28755,8a
28756,8a
28757,7b
28758,8a
28759,7b
28760,7b
28761,7b
28762,8b
28763,7b
28765,7a
28766,7b
28768,7a
28770,7a
28771,9a
28772,7b
28773,8a
28774,7b
28775,7b
28776,7b
28777,7b
28778,7a
28779,8a
28781,9a
28782,8b
28783,7b
28784,7b
28785,7a
28786,9a
28787,7b
28788,7b
28789,8a
28790,7b
28791,7b
28792,7b
28793,8a
28801,7b
28802,8a
28803,8a
28804,8b
28805,7b
28806,8a
28810,7b
28813,7b
28814,7b
28815,7b
28816,7b
28901,7b
28902,7b
28903,8a
28904,7b
28905,7b
28906,7b
28909,7b
29001,9a
29002,8b
29003,8b
29006,8a
29009,10a
29010,9b
29014,8a
29015,8b
29016,8b
29018,8b
29020,8a
29021,8a
29030,8b
29031,8a
29032,8a
29033,10b
29036,8b
29037,8a
29038,9a
29039,8b
29040,9a
29041,8b
29042,8b
29044,8b
29045,9b
29046,9a
29047,8b
29048,8b
29051,8b
29052,8b
29053,8b
29054,8b
29055,8a
29056,9a
29058,8b
29059,9a
29061,9b
29062,8b
29063,8b
29065,8b
29067,8a
29069,8b
29070,10a
29071,8b
29072,8b
29073,9b
29074,8b
29075,8b
29078,9a
29079,8b
29080,8b
29081,8b
29082,8b
29101,8a
29102,8b
29104,9a
29105,8b
29107,8b
29108,8a
29111,8b
29112,8b
29113,9b
29114,8b
29115,10b
29116,9b
29118,8b
29122,9a
29123,9a
29125,8b
29126,8b
29127,9a
29128,9b
29129,8a
29130,8a
29132,8a
29133,8b
29135,8b
29137,8b
29138,8b
29142,9a
29143,9b
29145,8b
29146,9b
29147,9a
29148,8b
29150,9a
29151,8b
29152,8b
29153,9a
29154,8b
29160,8b
29161,8b
29162,9a
29163,8b
29164,8b
29166,8b
29168,9a
29169,8b
29170,9a
29171,9a
29172,8b
29175,8a
29177,9a
29178,8a
29180,8a
29201,8b
29202,11a
29203,8b
29204,8b
29205,8b
29206,8b
29207,8b
29208,9a
29209,8b
29210,8b
29211,8b
29212,9a
29214,8b
29215,8b
29216,8b
29217,8b
29218,9a
29219,9a
29220,9b
29221,9b
29222,8b
29223,9b
29224,9b
29225,9a
29226,8b
29227,8b
29228,9b
29229,8b
29230,10b
29240,9b
29250,9a
29260,9a
29290,8b
29292,9a
29301,8a
29302,8a
29303,8b
29304,8b
29305,8a
29306,9a
29307,8a
29316,8a
29319,8b
29320,8b
29321,8b
29322,8a
29323,8a
29324,8b
29325,8a
29329,8b
29330,8a
29331,8a
29332,8a
29333,8a
29334,8a
29335,9a
29336,9a
29338,8a
29340,8b
29341,8b
29342,8a
29348,8a
29349,9a
29351,8a
29353,8a
29355,8b
29356,8b
29360,8b
29364,9a
29365,8a
29369,8a
29370,9a
29372,8b
29373,8a
29374,8a
29375,8b
29376,8b
29377,8a
29378,8b
29379,8a
29384,8b
29385,8a
29386,8a
29388,8a
29395,8a
29401,9b
29402,9a
29403,9a
29404,9a
29405,9a
29406,9a
29407,11a
29410,9b
29412,10a
29413,9a
29414,10a
29415,9b
29416,9a
29417,9a
29418,9b
29419,9a
29420,9b
29422,9a
29423,9b
29426,10a
29429,9a
29431,9a
29432,8b
29433,11a
29434,9b
29435,8b
29436,8b
29437,9a
29438,9a
29439,9b
29440,9a
29442,8b
29445,8b
29446,9b
29447,9a
29448,8b
29449,9a
29450,8b
29451,10a
29452,9a
29453,11a
29455,9b
29456,9b
29457,9a
29458,9b
29461,9a
29464,9b
29465,9a
29466,9b
29468,8b
29469,8b
29470,11a
29471,9a
29472,8b
29474,8b
29475,9a
29476,9b
29477,9a
29479,9a
29481,8b
29482,9a
29483,8b
29484,9a
29485,8b
29486,9a
29487,10a
29488,9a
29492,9a
29493,9b
29501,8b
29502,9b
29503,10b
29504,8b
29505,8b
29506,9a
29510,9a
29511,9b
29512,8a
29516,8b
29518,9a
29519,8b
29520,8b
29525,9b
29526,8b
29527,10b
29528,8b
29530,9a
29532,8b
29536,9a
29540,8b
29541,8b
29543,8b
29544,8b
29545,8b
29546,9b
29547,8b
29550,8b
29551,9a
29554,8b
29555,9a
29556,8b
29560,8b
29563,9a
29564,8b
29565,8b
29566,9a
29567,10b
29568,9a
29569,8b
29570,8a
29571,8b
29572,8b
29574,9a
29575,8b
29576,10b
29577,8b
29578,8b
29579,11a
29580,8b
29581,11a
29582,8b
29583,8b
29584,9a
29585,8b
29587,8b
29588,8b
29589,9a
29590,8b
29591,9b
29592,8b
29593,8b
29594,8a
29596,8a
29597,9a
29598,9a
29601,8a
29602,8a
29603,9a
29604,8a
29605,8a
29606,8b
29607,8a
29608,8a
29609,8a
29610,8a
29611,8b
29612,8a
29613,8a
29614,8a
29615,9a
29616,9b
29617,8a
29620,8b
29621,9a
29622,9a
29623,9b
29624,8a
29625,8b
29626,9a
29627,8b
29628,8a
29630,8a
29631,8b
29632,8b
29633,8b
29634,8b
29635,10a
29636,8a
29638,8a
29639,8a
29640,10a
29641,8b
29642,8a
29643,8a
29644,8b
29645,8b
29646,8a
29647,8b
29648,9a
29649,10a
29650,8b
29651,8b
29652,9a
29653,10a
29654,8b
29655,8a
29656,8b
29657,8a
29658,8a
29659,8b
29661,8a
29662,8b
29664,8b
29665,9a
29666,8b
29667,8b
29669,8a
29670,9a
29671,8b
29672,9a
29673,8b
29675,10a
29676,8a
29677,8a
29678,9b
29679,8a
29680,8a
29681,9a
29682,8a
29683,8b
29684,8b
29685,8a
29686,8b
29687,8a
29689,8b
29690,8a
29691,8b
29692,8a
29693,8b
29695,8a
29696,8a
29697,8a
29702,8b
29703,8a
29704,8b
29706,8b
29707,8a
29708,8b
29709,9a
29710,8a
29712,8a
29714,8a
29715,8a
29716,8a
29717,9a
29718,8b
29720,8a
29721,9a
29722,8a
29724,8a
29726,8b
29727,8a
29728,8a
29729,8a
29730,8a
29731,8b
29732,8b
29733,8a
29734,8b
29741,8a
29742,8a
29743,8a
29744,9a
29745,8a
29801,8b
29802,8b
29803,9b
29804,8b
29805,9a
29809,9a
29810,8b
29812,8b
29813,9a
29816,10b
29817,8b
29819,8b
29821,8b
29822,9a
29824,8a
29826,10b
29827,8b
29828,8b
29829,9b
29831,8b
29832,9a
29834,8b
29835,9b
29836,9b
29838,8b
29839,10b
29840,8b
29841,8b
29842,8b
29843,8b
29844,9b
29845,9a
29846,9a
29847,8a
29848,8a
29849,8b
29850,9a
29851,8b
29853,9b
29856,8b
29860,10b
29861,8b
29899,10a
29901,10a
29902,9b
29903,9a
29904,9a
29905,9a
29906,10a
29907,11a
29909,9b
29910,10a
29911,8b
29912,9a
29913,8b
29914,10a
29915,9a
29916,9a
29918,9a
29920,10a
29921,8b
29922,8b
29923,8b
29924,9a
29925,10a
29926,11b
29927,9a
29928,10b
29929,9b
29931,9a
29932,8b
29933,8b
29934,9b
29935,9a
29936,9a
29938,9b
29939,8b
29940,9a
29941,9b
29943,9b
29944,9a
29945,8b
30002,8b
30003,8a
30004,8a
30005,8a
30006,8b
30007,8b
30008,8a
30009,8b
30010,8a
30011,8b
30012,8b
30013,9a
30014,10b
30015,8b
30016,8b
30017,8a
30018,8b
30019,8b
30021,8a
30022,8a
30023,8b
30024,8b
30025,8b
30026,8a
30028,8b
30029,8a
30030,8b
30031,8a
30032,8b
30033,10a
30034,9a
30035,8b
30036,8b
30037,8a
30038,8b
30039,8a
30040,8b
30041,10b
30042,8b
30043,8a
30044,8a
30045,8a
30046,9a
30047,8b
30048,8a
30049,10a
30052,8a
30054,8b
30055,8a
30056,8a
30058,8b
30060,8a
30061,8b
30062,8a
30063,10a
30064,8a
30065,8b
30066,9a
30067,8a
30068,8a
30070,9a
30071,8a
30074,8a
30075,9a
30076,8a
30077,8a
30078,9a
30079,8a
30080,8a
30081,8a
30082,8b
30083,8a
30084,8a
30085,8a
30086,8a
30087,8a
30088,8a
30090,8a
30091,8a
30092,9a
30093,8a
30094,8a
30095,8a
30096,8b
30097,8a
30098,8b
30099,9a
30101,8b
30102,8a
30103,9a
30104,8a
30105,8a
30106,8a
30107,8b
30108,8b
30109,9a
30110,8a
30111,8a
30112,8b
30113,8a
30114,8b
30115,8a
30116,8a
30117,8a
30118,8a
30119,8a
30120,8b
30121,8a
30122,8b
30123,8a
30124,10b
30125,8a
30126,8a
30127,10a
30129,8a
30132,8b
30133,8a
30134,8a
30135,8a
30137,8b
30138,8a
30139,9a
30140,8b
30141,8a
30142,8b
30143,8a
30144,8a
30145,8b
30146,8a
30147,9a
30148,8a
30149,8a
30150,8b
30151,8a
30152,8a
30153,8a
30154,9a
30156,8a
30157,10a
30160,8a
30161,8a
30162,8a
30164,8a
30165,8a
30168,8a
30169,10b
30170,8b
30171,10a
30172,8a
30173,9a
30175,8a
30176,8a
30177,8a
30178,8a
30179,8a
30180,8a
30182,8b
30183,8b
30184,8a
30185,8a
30187,8b
30188,10a
30189,8a
30204,8b
30205,8a
30206,9a
30212,9b
30213,8b
30214,8b
30215,9a
30216,8a
30217,8a
30218,8a
30220,8a
30222,8b
30223,8a
30224,9a
30228,8b
30229,8b
30230,9a
30233,8b
30234,9a
30236,9a
30237,8b
30238,8a
30240,10a
30241,8a
30248,8a
30250,9a
30251,8a
30252,8a
30253,8a
30256,9b
30257,9b
30258,8b
30259,8a
30260,8b
30261,8b
30263,10a
30264,8a
30265,8b
30266,8b
30268,8a
30269,8a
30270,9a
30271,8a
30273,8a
30274,9a
30275,8b
30276,8a
30277,8a
30281,8b
30284,9a
30285,8b
30286,9b
30287,8b
30288,8a
30289,8a
30290,8a
30291,8a
30292,10a
30293,9a
30294,8a
30295,8b
30296,11a
30297,8b
30298,8b
30301,9a
30302,8b
30303,8a
30304,8b
30305,8b
30306,8a
30307,8a
30308,8a
30309,8a
30310,8a
30311,9a
30312,8b
30313,8a
30314,8b
30315,8a
30316,8b
30317,8a
30318,9a
30319,8a
30321,8b
30322,8a
30324,8a
30325,8a
30326,8b
30327,8a
30328,9a
30329,8a
30331,8a
30333,8a
30336,8a
30337,9a
30338,8b
30339,8b
30340,8a
30341,8a
30342,8b
30343,8b
30344,10b
30345,9a
30346,8a
30348,9a
30349,8b
30350,8b
30353,8a
30354,9a
30355,8b
30356,8b
30357,9a
30358,8b
30359,8a
30360,9a
30361,8a
30362,8b
30363,10b
30364,8b
30366,8a
30368,9b
30369,8b
30370,9a
30371,8a
30374,8a
30375,8a
30377,8a
30378,8a
30380,8b
30384,8a
30385,8b
30388,9a
30392,8b
30394,9a
30396,8b
30398,8b
30401,8b
30410,9a
30411,9a
30412,10a
30413,9b
30414,9b
30415,9a
30417,9a
30420,9b
30421,9b
30423,9b
30424,9a
30425,9a
30426,9a
30427,10a
30428,8b
30429,9b
30434,8b
30436,9a
30439,8b
30441,9a
30442,8b
30445,8b
30446,9a
30447,8b
30448,9a
30449,9b
30450,8b
30451,8b
30452,9b
30453,9a
30454,8b
30455,10b
30456,8b
30457,8b
30458,9b
30459,8b
30460,9b
30461,9a
30464,8b
30467,9a
30470,9b
30471,9a
30473,8b
30474,9b
30475,9a
30477,8b
30499,10a
30501,8a
30502,8a
30503,8a
30504,8a
30506,8a
30507,8a
30510,8a
30511,8a
30512,7b
30513,8b
30514,7b
30515,8a
30516,9a
30517,8a
30518,8b
30519,8b
30520,9b
30521,8a
30522,9b
30523,8a
30525,7b
30527,9a
30528,7b
30529,8a
30530,8b
30531,9a
30533,8a
30534,8a
30535,8a
30536,8b
30537,9b
30538,8b
30539,7b
30540,8a
30541,7b
30542,8a
30543,8a
30545,8a
30546,7b
30547,9a
30548,9a
30549,9a
30552,8b
30553,8a
30554,8a
30555,7b
30557,9a
30558,8a
30559,7b
30560,8a
30562,7b
30563,8a
30564,8a
30565,9b
30566,8a
30567,8b
30568,7b
30571,8a
30572,7b
30573,8a
30575,8b
30576,7b
30577,8b
30580,8a
30581,10b
30582,10a
30597,10a
30598,8b
30599,9a
30601,9b
30602,8b
30603,8b
30604,9a
30605,8b
30606,8b
30607,8b
30608,9a
30609,8a
30612,8b
30619,8a
30620,10a
30621,9a
30622,8b
30623,8a
30624,8a
30625,8b
30627,8b
30628,8a
30629,8a
30630,9a
30631,8b
30633,8b
30634,8a
30635,8b
30638,8a
30639,8a
30641,8a
30642,8b
30643,8a
30645,8b
30646,8b
30647,8b
30648,8a
30650,8a
30655,9a
30656,10a
30660,8b
30662,8b
30663,8a
30664,8b
30665,8b
30666,9a
30667,9b
30668,9a
30669,8b
30671,9a
30673,8b
30677,8a
30678,9a
30680,8b
30683,8b
30701,8b
30703,9a
30705,8a
30707,10a
30708,8a
30710,8a
30711,8a
30719,8a
30720,8a
30721,8a
30722,8a
30724,9a
30725,8b
30726,8a
30728,8a
30730,8b
30731,7b
30732,8a
30733,8b
30734,8a
30735,8b
30736,8a
30738,7b
30739,8a
30740,8a
30741,8b
30742,8a
30746,8a
30747,8a
30750,7b
30751,8a
30752,8b
30753,8b
30755,8a
30756,8b
30757,8a
30802,8b
30803,9a
30805,8b
30806,9a
30807,8b
30808,9b
30809,8b
30810,9a
30811,8b
30812,9a
30813,8b
30814,8b
30815,8b
30816,8b
30817,10b
30818,8b
30819,9a
30820,8b
30821,8b
30822,8b
30823,9a
30824,9a
30828,11a
30830,8b
30833,9b
30901,8b
30903,10b
30904,9a
30905,8b
30906,9b
30907,9b
30909,8b
30914,8b
30916,8b
30917,11a
30919,9a
30999,8b
31001,9a
31002,9b
31003,8b
31004,9b
31005,8b
31006,8b
31007,9a
31008,9a
31009,9a
31010,8b
31011,8b
31012,9a
31013,9a
31014,9a
31015,8b
31016,8b
31017,8b
31018,8b
31019,9a
31020,9b
31021,8b
31022,8b
31023,8b
31024,8b
31025,8b
31026,8b
31027,8b
31028,8b
31029,10b
31030,8b
31031,8b
31032,9a
31033,8b
31034,9a
31035,9a
31036,8b
31037,8b
31038,9a
31039,8b
31040,9a
31041,8b
31042,9b
31044,8b
31045,9a
31046,8a
31047,11a
31049,8b
31050,9b
31051,9b
31052,8b
31054,9b
31055,8b
31057,8b
31058,9b
31059,8b
31060,8b
31061,9a
31063,9a
31064,8b
31065,8b
31066,8b
31067,9a
31068,9b
31069,9a
31070,9a
31071,9a
31072,9a
31075,8b
31076,8b
31077,9b
31078,8b
31079,9b
31081,8b
31082,8b
31083,9a
31084,9a
31085,8a
31086,9a
31087,8b
31088,8b
31089,9a
31090,8b
31091,8b
31092,8b
31093,8b
31094,8b
31095,8b
31096,8b
31097,8b
31098,8b
31099,8b
31106,8b
31107,8a
31119,8a
31126,8b
31131,8a
31136,9a
31139,10a
31141,8a
31145,8a
31146,8a
31150,8a
31156,8a
31169,8a
31192,8b
31193,10b
31195,8a
31196,8a
31201,8b
31202,9a
31203,8b
31204,8b
31205,8b
31206,10b
31208,9b
31209,8b
31210,8b
31211,9b
31213,8b
31216,8b
31217,8b
31220,9a
31221,8b
31294,9a
31295,8b
31296,9a
31297,8b
31301,9a
31302,9a
31303,8b
31305,9b
31307,9b
31308,9a
31309,9b
31310,10a
31312,10a
31313,9b
31314,9a
31315,9a
31316,9b
31318,9a
31319,11a
31320,9a
31321,9b
31322,9a
31323,9a
31324,9a
31326,9b
31327,11a
31328,9a
31329,9a
31331,9a
31333,9b
31401,9a
31402,9b
31403,9a
31404,9b
31405,9a
31406,9a
31407,9a
31408,9b
31409,9a
31410,9a
31411,9a
31412,10a
31414,10a
31415,9a
31416,9a
31418,11a
31419,9a
31420,9a
31421,9b
31501,9b
31502,9a
31503,11a
31510,9b
31512,9b
31513,9a
31515,11a
31516,9a
31518,9a
31519,9a
31520,9a
31521,10a
31522,10a
31523,9b
31524,9b
31525,9b
31527,10a
31532,9a
31533,11a
31534,9a
31535,9a
31537,9a
31539,10a
31542,9a
31543,9b
31544,8b
31545,9a
31546,9b
31547,9b
31548,9b
31549,8b
31550,9b
31551,9a
31552,9a
31553,9a
31554,9a
31555,9a
31556,9a
31557,9b
31558,9a
31560,9a
31561,9b
31562,11a
31563,10b
31564,11a
31565,11a
31566,9a
31567,9b
31568,9b
31569,9a
31598,9b
31599,11a
31601,10a
31602,9a
31603,9b
31604,9b
31605,11a
31606,10a
31620,9b
31622,9a
31623,9a
31624,10a
31625,10a
31626,9a
31627,9a
31629,9a
31630,10a
31631,9a
31632,9a
31634,9b
31635,9a
31636,9b
31637,9a
31638,9b
31639,9a
31641,9a
31642,9a
31643,9b
31645,9a
31647,10a
31648,9a
31649,9b
31650,9a
31698,9a
31699,9a
31701,10a
31702,9b
31703,9b
31704,9a
31705,9b
31706,9b
31707,8b
31708,8b
31709,8b
31711,9a
31712,9b
31714,9b
31716,9a
31719,8b
31720,9a
31721,8b
31722,9a
31727,9a
31730,10a
31733,9a
31735,8b
31738,9a
31739,9a
31743,8b
31744,9a
31747,9a
31749,11a
31750,9a
31756,9a
31757,9a
31758,9b
31763,9b
31764,8b
31765,9b
31768,9a
31769,9a
31771,9b
31772,9a
31773,9a
31774,9b
31775,9b
31776,9a
31778,9a
31779,9a
31780,9b
31781,11a
31782,9a
31783,9b
31784,9b
31787,8b
31788,11a
31789,9a
31790,9a
31791,9a
31792,9a
31793,9a
31794,9a
31795,11b
31796,9a
31798,9b
31799,11a
31801,8b
31803,8b
31804,9a
31805,8b
31806,9a
31807,8b
31808,8b
31810,9a
31811,8b
31812,9a
31814,8b
31815,9a
31816,8b
31820,8b
31821,8b
31822,8a
31823,8a
31824,8b
31825,10b
31826,8a
31827,8b
31829,9a
31830,8b
31831,9a
31832,8b
31833,9a
31836,9a
31901,8b
31902,8b
31903,10b
31904,8b
31905,8b
31906,8b
31907,8b
31908,8b
31909,9a
31914,8b
31917,8b
31993,8b
31995,8b
31997,8b
31998,8b
31999,9a
32003,10a
32004,9b
32006,11b
32007,10b
32008,9a
32009,9a
32011,9a
32024,9a
32025,9a
32026,9a
32030,9a
32033,9b
32034,10b
32035,10b
32038,10a
32040,9a
32041,9b
32042,9b
32043,10a
32044,9a
32046,11a
32050,10a
32052,9b
32053,10a
32054,9a
32055,9a
32056,9a
32058,9b
32059,9b
32060,9b
32061,9a
32062,9a
32063,11a
32064,10a
32065,9b
32066,9a
32067,9b
32068,9a
32071,9a
32072,9b
32073,10a
32079,9a
32080,10b
32081,10b
32082,10a
32083,9a
32084,9b
32085,10a
32086,10b
32087,9a
32091,9b
32092,12a
32094,9b
32095,9b
32096,10a
32097,9b
32099,9a
32102,10b
32105,9b
32110,10a
32111,10a
32112,9b
32113,9b
32114,11b
32115,10a
32116,10a
32117,9b
32118,10b
32119,10a
32120,10a
32121,10a
32122,10a
32123,10a
32124,9b
32125,10a
32126,10a
32127,10a
32128,10a
32129,10a
32130,9b
32131,9b
32132,10a
32133,9b
32134,9b
32135,10a
32136,10a
32137,10a
32138,9a
32139,9b
32140,9b
32141,10b
32142,9b
32143,9b
32145,9b
32147,10a
32148,9b
32149,9b
32157,9b
32158,10a
32159,9b
32160,9a
32162,10b
32163,9b
32164,9b
32168,9b
32169,10a
32170,11a
32173,10a
32174,10a
32175,10b
32176,9b
32177,9b
32178,9b
32179,10a
32180,10b
32181,9b
32182,9a
32183,10a
32185,9a
32187,9b
32189,10a
32190,9b
32192,9a
32193,9b
32195,11b
32198,10b
32201,10a
32202,9b
32203,9b
32204,10a
32205,10a
32206,9b
32207,9b
32208,9b
32209,9b
32210,9b
32211,9b
32212,9b
32214,9b
32216,10a
32217,10b
32218,11b
32219,9a
32220,9b
32221,9a
32222,9a
32223,10b
32224,9b
32225,9b
32226,9b
32227,9b
32228,9b
32229,9b
32231,10a
32232,9b
32233,9b
32234,9b
32235,9b
32236,9b
32238,9b
32239,9b
32240,9b
32241,9b
32244,10b
32245,10a
32246,9b
32247,9b
32250,10b
32254,9b
32255,10a
32256,9b
32257,9b
32258,10a
32259,10a
32260,9b
32266,9b
32277,10b
32301,9b
32302,9b
32303,9b
32304,9a
32305,9a
32306,9a
32307,9a
32308,9a
32309,9a
32310,9a
32311,9b
32312,9b
32313,9a
32314,9b
32315,9a
32316,9a
32317,9b
32318,9b
32320,10a
32321,9b
32322,9b
32323,9a
32324,9a
32326,9b
32327,9b
32328,11b
32329,9b
32330,9a
32331,9a
32332,9a
32333,9a
32334,9a
32335,9a
32336,11a
32337,9b
32340,9a
32341,9a
32343,9a
32344,9a
32345,10a
32346,9b
32347,9b
32348,9a
32350,10a
32351,9a
32352,9a
32353,10a
32355,9a
32356,9b
32357,9a
32358,9a
32359,9a
32360,11b
32361,11a
32362,10a
32399,9b
32401,10b
32402,10b
32403,10a
32404,9a
32405,9b
32406,10b
32407,9b
32408,9b
32409,9a
32410,9b
32411,9b
32412,9a
32413,9a
32417,9b
32420,9b
32421,9b
32422,8b
32423,9b
32424,9a
32425,8b
32426,9a
32427,9a
32428,9b
32430,9a
32431,9a
32432,9a
32433,8b
32434,10a
32435,9b
32437,9b
32438,9a
32439,10a
32440,9b
32442,9a
32443,9a
32444,9a
32445,9a
32446,9a
32447,9a
32448,9a
32449,11a
32452,9b
32455,9a
32456,10a
32457,9b
32459,9a
32460,9a
32461,9a
32462,9b
32463,9a
32464,9a
32465,9a
32466,9a
32501,9a
32502,9a
32503,9a
32504,9a
32505,9a
32506,9b
32507,9a
32508,9a
32509,9a
32511,9a
32512,9a
32513,9b
32514,9a
32516,9b
32520,9b
32521,9b
32522,9a
32523,9a
32524,9a
32526,10a
32530,11a
32531,9a
32533,9b
32534,11a
32535,8b
32536,10a
32537,9a
32538,9a
32539,8b
32540,10a
32541,11a
32542,11a
32544,9a
32547,10a
32548,9b
32549,9a
32550,9b
32559,9b
32560,9a
32561,9b
32562,9b
32563,10b
32564,9a
32565,9b
32566,9a
32567,9a
32568,9a
32569,9a
32570,9b
32571,9b
32572,9a
32577,10a
32578,9b
32579,9a
32580,9a
32583,9b
32588,9a
32591,9a
32601,9a
32602,9b
32603,11b
32604,9a
32605,11a
32606,9a
32607,9a
32608,9b
32609,9a
32610,10a
32612,9a
32614,9b
32615,9b
32616,10a
32617,9a
32618,9a
32619,11a
32621,10a
32622,9a
32625,9b
32626,9b
32627,9b
32628,9b
32631,9a
32633,9b
32634,9a
32635,10a
32639,9a
32640,9b
32641,9a
32643,9b
32644,9a
32648,9b
32653,9b
32654,9a
32655,9b
32656,9b
32658,9b
32662,9a
32663,9b
32664,9b
32666,9a
32667,9b
32668,9b
32669,9b
32680,10a
32681,11a
32683,9a
32686,9a
32692,9b
32693,9a
32694,9a
32696,9a
32697,9b
32701,10a
32702,10a
32703,10a
32704,11b
32706,10b
32707,10a
32708,10a
32709,10a
32710,10a
32712,9b
32713,9b
32714,10a
32715,11a
32716,10a
32718,10a
32719,10b
32720,10a
32721,10a
32722,9b
32723,10a
32724,9b
32725,9b
32726,9b
32727,10b
32728,9b
32730,10a
32732,10a
32733,10a
32735,9b
32736,9b
32738,9b
32739,9b
32744,9b
32745,9b
32746,9b
32747,9b
32750,10a
32751,10a
32752,9b
32753,9b
32754,10a
32756,12a
32757,9b
32759,10a
32762,11a
32763,10a
32764,9b
32765,10a
32766,12a
32767,11b
32768,9b
32771,9b
32772,10a
32773,9b
32774,10a
32775,10b
32776,10b
32777,9b
32778,10b
32779,10b
32780,10b
32781,10b
32783,10a
32784,11b
32789,10a
32790,10a
32791,10a
32792,11a
32793,10a
32794,10a
32795,10b
32796,11a
32798,10b
32799,9b
32801,10a
32802,10b
32803,10a
32804,10a
32805,10a
32806,10a
32807,10a
32808,10a
32809,10a
32810,10a
32811,10a
32812,10b
32814,10a
32816,10a
32817,12a
32818,10b
32819,10a
32820,10a
32821,10b
32822,10b
32824,10b
32825,10b
32826,10a
32827,10a
32828,10a
32829,10b
32830,10a
32831,10b
32832,10a
32833,10b
32834,11a
32835,11a
32836,10a
32837,10a
32839,10a
32853,11a
32854,10a
32855,10a
32856,10a
32857,10b
32858,10b
32859,10a
32860,12a
32861,10a
32862,10b
32867,10a
32868,11a
32869,11a
32872,10b
32877,10a
32878,10a
32885,10a
32886,10b
32887,10a
32891,10a
32896,10b
32897,10b
32899,10a
32901,10a
32902,10a
32903,10a
32904,10b
32905,12a
32906,10a
32907,11a
32908,10a
32909,10a
32910,10b
32911,10a
32912,10a
32919,10b
32920,10a
32922,10a
32923,11a
32924,10a
32925,10a
32926,12a
32927,10b
32931,10b
32932,10a
32934,10a
32935,11a
32936,10b
32937,11a
32940,10a
32941,10b
32948,10a
32949,10a
32950,10a
32951,10a
32952,11a
32953,12a
32954,10a
32955,10b
32956,10a
32957,11a
32958,10b
32959,11a
32960,10a
32961,10a
32962,10b
32963,10a
32964,10a
32965,10b
32966,10a
32967,10b
32968,10a
32969,10a
32970,10a
32971,10a
32976,11a
32978,10a
33001,11b
33002,11a
33004,12a
33008,11b
33009,11a
33010,13a
33011,11b
33012,12a
33013,11a
33014,12a
33015,12a
33016,11a
33017,11b
33018,11a
33019,11b
33020,11b
33021,11a
33022,11a
33023,11b
33024,11a
33025,11a
33026,11a
33027,11a
33028,11b
33029,11a
33030,10b
33031,11a
33032,11a
33033,11a
33034,10b
33035,11b
33036,12b
33037,11a
33040,12b
33041,11b
33042,12a
33043,11b
33045,12a
33050,
33051,12a
33052,12a
33054,11b
33055,11a
33056,11a
33060,11a
33061,11a
33062,11b
33063,12b
33064,12a
33065,10b
33066,10b
33067,11a
33068,10b
33069,11b
33070,12a
33071,10b
33072,12a
33073,12b
33074,11b
33075,11b
33076,10b
33077,12b
33081,11b
33082,11a
33083,11b
33084,13a
33090,10b
33092,10b
33093,10b
33097,11a
33101,11b
33102,12a
33106,11a
33109,11a
33111,11a
33112,11b
33114,11a
33116,11b
33119,11a
33122,11b
33124,11a
33125,11b
33126,12a
33127,11a
33128,11a
33129,11b
33130,11b
33131,11a
33132,11b
33133,11a
33134,11b
33135,11a
33136,11a
33137,11a
33138,11a
33139,11a
33140,11a
33141,11a
33142,11a
33143,11a
33144,13a
33145,11a
33146,11b
33147,11b
33149,11a
33150,11b
33151,11a
33152,11a
33153,11b
33154,11b
33155,11a
33156,11a
33157,11a
33158,11a
33160,11b
33161,11b
33162,13a
33163,11a
33164,11a
33165,11b
33166,11a
33167,11a
33168,11a
33169,11a
33170,10b
33172,11a
33173,11a
33174,11a
33175,10b
33176,11a
33177,11a
33178,11a
33179,12a
33180,11a
33181,11a
33182,10b
33183,
33184,10b
33185,11a
33186,10b
33187,11a
33188,11a
33189,11b
33190,11a
33191,11a
33192,11a
33193,10b
33194,11a
33195,12a
33196,11b
33197,11b
33198,11b
33206,13a
33222,11a
33231,12a
33233,12a
33234,11a
33238,11a
33239,11a
33242,11a
33243,11b
33245,11b
33247,11b
33255,11b
33256,11b
33257,13a
33261,11a
33265,11a
33266,11a
33269,12a
33280,11a
33283,11a
33296,11a
33299,11b
33301,11a
33302,13a
33303,11b
33304,11b
33305,11a
33306,12a
33307,11a
33308,11a
33309,11b
33310,11b
33311,11a
33312,11b
33313,11b
33314,11b
33315,11a
33316,11a
33317,11a
33318,11a
33319,11a
33320,10b
33321,10b
33322,11b
33323,10b
33324,11a
33325,11a
33326,11a
33327,11a
33328,10b
33329,11a
33330,11a
33331,11a
33332,10b
33334,13a
33335,11a
33336,11b
33337,11a
33338,11a
33339,11a
33340,11a
33345,10b
33346,11b
33348,12a
33349,11a
33351,10b
33355,11a
33359,10b
33401,10b
33402,10b
33403,11b
33404,10b
33405,10b
33406,10b
33407,11a
33408,11b
33409,10b
33410,10b
33411,10b
33412,11a
33413,11b
33414,11a
33415,11b
33416,10b
33417,11a
33418,12b
33419,11a
33420,10b
33421,11a
33422,10b
33424,10b
33425,10b
33426,10b
33427,11a
33428,11a
33429,11a
33430,10a
33431,11a
33432,11a
33433,11a
33434,12b
33435,10b
33436,10b
33437,10b
33438,11a
33440,11a
33441,11a
33442,12a
33443,11a
33444,11a
33445,10b
33446,10b
33448,10b
33449,11b
33454,10b
33455,11a
33458,11b
33459,10a
33460,10b
33461,10b
33462,11a
33463,12b
33464,10b
33465,10b
33466,10b
33467,10b
33468,10b
33469,10b
33470,10b
33471,10a
33472,11b
33473,11b
33474,11b
33475,11a
33476,11a
33477,11b
33478,10b
33480,10b
33481,11b
33482,10b
33483,11a
33484,11a
33486,11a
33487,11b
33488,10b
33493,10b
33496,10b
33497,10b
33498,10b
33499,11a
33503,10a
33508,10b
33509,9b
33510,9b
33511,10b
33513,9a
33514,10a
33521,9b
33523,9b
33524,10a
33525,9b
33526,9b
33527,9b
33530,9b
33534,10a
33537,10a
33538,9a
33539,10b
33540,9b
33541,10a
33542,9b
33543,10a
33544,9b
33545,11b
33547,10a
33548,10a
33549,9b
33550,9b
33556,10a
33558,10b
33559,9b
33563,9b
33564,9b
33565,10b
33566,10b
33567,10a
33568,10a
33569,11a
33570,10a
33571,10a
33572,10b
33573,10a
33574,10a
33575,11a
33576,10a
33578,10a
33579,10a
33583,11b
33584,11b
33585,9b
33586,12a
33587,9b
33592,9b
33593,10a
33594,9b
33595,10a
33596,10a
33597,10a
33598,10b
33601,11a
33602,10a
33603,12b
33604,10a
33605,10a
33606,10a
33607,10b
33608,12a
33609,11a
33610,9b
33611,10a
33612,9b
33613,9b
33614,10a
33615,10a
33616,10a
33617,9b
33618,10b
33619,10a
33620,10a
33621,10b
33622,10b
33623,11a
33624,10a
33625,10a
33626,10a
33629,10a
33630,10b
33631,10a
33633,10a
33634,11a
33635,10b
33637,10a
33646,9b
33647,10a
33650,10b
33655,10a
33660,9b
33664,10a
33672,11a
33673,10a
33674,10b
33675,10a
33677,11a
33679,10a
33680,10a
33681,10a
33682,9b
33684,10a
33685,10a
33686,10b
33687,9b
33688,10a
33689,10a
33694,10a
33701,10b
33702,10b
33703,10b
33704,10b
33705,11a
33706,10b
33707,10b
33708,10b
33709,10b
33710,11a
33711,10b
33712,10b
33713,10b
33714,10a
33715,10b
33716,10a
33729,11a
33730,10b
33731,10b
33732,10b
33733,11a
33734,12a
33736,10b
33738,10b
33740,10b
33741,11a
33742,12b
33743,10b
33744,11b
33747,10b
33755,10a
33756,10a
33757,10a
33758,10a
33759,11a
33760,10b
33761,10b
33762,10a
33763,12a
33764,10a
33765,10b
33766,10a
33767,10b
33769,11a
33770,10a
33771,10b
33772,10b
33773,10a
33774,10b
33775,10a
33776,10b
33777,10a
33778,10b
33779,10a
33780,10a
33781,10b
33782,10a
33784,11a
33785,11a
33786,10b
33801,10b
33802,10a
33803,12a
33804,10b
33805,10b
33806,10a
33807,10a
33809,9b
33810,9b
33811,9b
33812,10a
33813,10a
33815,11b
33820,10b
33823,10a
33825,10a
33826,9b
33827,10a
33830,11a
33831,10a
33834,10a
33835,10b
33836,10a
33837,10a
33838,10a
33839,10a
33841,10a
33843,10a
33844,10b
33845,10a
33847,10a
33848,10b
33849,9b
33850,10b
33851,10a
33852,10b
33853,9b
33854,10a
33855,9b
33857,11a
33858,10a
33859,10a
33860,10a
33862,10b
33863,9b
33865,9b
33867,9b
33868,10a
33870,10a
33871,10a
33872,9b
33873,9b
33875,9b
33876,12a
33877,10b
33880,10b
33881,10a
33882,10b
33883,10b
33884,10a
33885,10b
33888,10a
33890,10b
33896,10b
33897,10a
33898,10a
33901,12b
33902,10b
33903,11a
33904,10b
33905,10a
33906,11a
33907,11a
33908,10b
33909,11a
33910,12b
33911,11a
33912,11a
33913,10b
33914,10b
33915,10b
33916,11a
33917,10a
33918,11a
33919,11b
33920,10b
33921,11a
33922,11a
33924,11b
33927,10a
33928,10a
33929,10b
33930,10a
33931,11b
33932,10b
33935,10b
33936,12a
33938,11a
33944,9b
33945,11b
33946,11a
33947,10b
33948,10a
33949,10a
33950,10b
33951,10a
33952,10a
33953,10a
33954,10a
33955,10a
33956,12b
33957,10b
33960,10a
33965,10a
33966,10b
33967,10b
33970,10a
33971,12a
33972,10a
33973,10a
33974,10b
33975,10a
33976,10a
33980,11a
33981,10b
33982,10b
33983,12a
33990,10b
33991,10b
33993,10b
33994,10b
34101,11a
34102,10b
34103,10b
34104,11a
34105,11a
34106,10b
34107,11a
34108,10b
34109,11b
34110,11b
34112,11b
34113,12b
34114,10b
34116,10b
34117,10a
34119,12b
34120,10a
34133,11a
34134,10b
34135,11b
34136,10b
34137,10b
34138,10b
34139,11b
34140,10b
34141,10b
34142,10a
34143,10a
34145,10b
34146,10b
34201,10a
34202,10a
34203,10a
34204,10a
34205,10a
34206,10a
34207,10a
34208,10a
34209,10b
34210,11a
34211,10a
34212,10a
34215,10b
34216,11a
34217,11a
34218,10b
34219,10a
34220,11a
34221,10a
34222,11a
34223,10b
34224,11a
34228,11b
34229,10a
34230,12a
34231,10a
34232,10b
34233,10a
34234,10a
34235,10a
34236,10a
34237,10a
34238,10a
34239,10a
34240,10b
34241,11a
34242,10a
34243,12a
34249,10a
34250,10a
34251,9b
34260,12b
34264,10b
34265,9b
34266,10a
34267,9b
34268,10a
34269,10a
34270,10b
34272,10a
34274,10a
34275,10a
34276,10a
34277,10a
34280,10b
34281,10b
34282,10b
34284,10a
34285,10b
34286,11a
34287,11a
34288,10a
34289,10b
34290,10a
34291,10a
34292,10a
34293,10b
34295,10a
34420,9b
34421,9b
34423,10b
34428,9b
34429,10a
34430,9a
34431,10a
34432,9a
34433,9a
34434,9a
34436,10a
34441,9a
34442,9b
34445,9b
34446,9b
34447,9b
34448,9b
34449,9a
34450,9a
34451,10a
34452,9b
34453,9a
34460,10a
34461,9b
34464,10a
34465,9a
34470,9a
34471,9b
34472,9b
34473,10a
34474,9a
34475,11a
34476,9a
34477,9a
34479,9b
34480,9b
34481,9a
34482,11a
34483,10a
34484,10b
34487,9b
34488,9b
34489,9b
34491,9b
34492,10a
34498,9b
34601,10b
34602,10a
34603,10a
34604,9b
34605,10b
34606,9b
34607,9b
34608,9b
34609,10a
34610,9b
34611,10a
34613,10a
34614,10b
34636,9b
34637,11b
34638,9b
34639,9b
34652,11a
34653,10b
34654,10b
34655,9b
34656,10b
34660,10a
34661,9a
34667,9b
34668,10b
34669,9b
34673,10a
34674,10a
34677,10a
34679,9b
34680,10b
34681,10a
34682,10a
34683,10b
34684,10b
34685,11a
34688,10a
34689,10a
34690,10a
34691,10a
34692,10b
34695,10a
34697,10a
34698,10a
34705,9b
34711,9b
34712,9b
34713,10a
34714,9b
34715,10a
34729,9b
34731,9b
34734,10a
34736,9b
34737,9b
34739,9b
34740,9b
34741,10a
34742,10a
34743,11a
34744,10a
34745,11a
34746,10b
34747,10a
34748,9b
34749,11b
34753,9b
34755,10a
34756,9b
34758,10a
34759,10a
34760,9b
34761,10a
34762,10a
34769,10a
34770,10a
34771,10a
34772,11a
34773,10a
34777,10a
34778,9b
34785,10a
34786,10a
34787,10a
34788,9b
34789,10a
34797,9b
34945,10b
34946,11a
34947,10a
34948,11a
34949,10a
34950,10b
34951,10a
34952,10a
34953,11a
34954,10a
34956,10a
34957,11a
34958,10b
34972,10b
34973,10a
34974,10a
34979,10b
34981,10a
34982,10b
34983,10a
34984,10a
34985,10b
34986,10b
34987,10b
34990,10b
34991,10b
34992,10b
34994,11a
34995,11b
34996,10b
34997,11a
35004,10b
35005,9a
35006,8a
35007,9a
35010,9a
35011,8a
35013,8a
35014,8a
35015,10a
35016,8a
35019,10a
35020,9a
35021,8a
35022,9b
35023,8b
35031,8a
35032,8a
35033,9a
35034,8b
35035,8b
35036,8b
35038,8a
35040,9b
35042,8a
35043,9b
35044,8a
35045,8a
35046,8a
35048,8b
35049,8a
35051,10b
35052,8a
35053,8a
35054,8a
35055,8a
35056,8b
35057,8a
35058,8a
35060,8a
35061,10a
35062,8b
35063,8a
35064,11a
35068,8a
35070,10a
35071,8a
35072,8a
35073,8b
35074,8b
35077,8b
35078,8b
35079,8a
35080,8b
35082,8b
35083,8a
35085,9a
35087,8a
35089,8a
35091,8b
35094,8b
35096,8a
35097,8b
35098,7b
35111,8b
35112,8b
35114,8b
35115,8b
35116,8b
35117,8b
35118,8b
35119,8a
35120,8a
35121,8a
35123,8b
35124,8b
35125,8a
35126,8b
35127,9a
35128,8a
35130,8a
35131,8a
35133,8a
35135,8b
35136,9a
35137,9a
35139,8b
35142,8b
35143,9a
35144,10b
35146,8a
35147,8a
35148,10a
35149,8a
35150,8a
35151,8a
35160,10a
35161,9a
35171,8a
35172,8a
35173,8a
35175,9a
35176,8a
35178,8a
35179,8b
35180,8a
35181,8a
35182,8a
35183,8a
35184,9a
35185,8a
35186,8a
35187,10a
35188,8b
35201,8a
35202,8a
35203,8a
35204,10a
35205,9a
35206,9a
35207,8a
35208,8a
35209,8b
35210,9a
35211,8b
35212,9a
35213,9a
35214,8a
35215,8a
35216,9a
35217,8a
35218,8b
35219,8b
35220,8b
35221,9a
35222,8a
35223,8b
35224,8b
35226,8b
35228,8a
35229,9a
35231,8b
35232,9a
35233,8a
35234,8a
35235,8a
35236,8a
35237,8a
35238,10b
35242,8b
35243,9a
35244,9a
35246,8b
35249,8a
35253,8b
35255,8b
35259,10b
35260,9b
35261,8a
35266,9a
35270,8a
35282,8b
35283,9a
35285,8a
35287,8a
35288,8a
35290,8a
35291,8a
35292,8a
35293,8b
35294,8b
35295,8a
35296,8b
35297,8b
35298,9b
35401,9b
35402,9b
35403,9a
35404,10b
35405,9a
35406,8a
35407,8a
35440,8b
35441,8b
35442,8b
35443,9a
35444,8b
35446,9a
35447,8b
35448,8b
35449,9a
35452,9a
35453,8b
35456,8b
35457,8a
35458,8b
35459,9a
35460,8b
35461,8b
35462,9a
35463,9a
35464,9a
35466,8b
35469,8b
35470,8b
35471,8b
35473,8b
35474,8b
35475,9a
35476,9a
35477,9b
35478,9a
35480,8b
35481,8a
35482,9a
35486,9a
35487,9a
35490,9a
35491,9a
35501,8a
35502,8b
35503,9a
35504,9a
35540,9b
35541,10b
35542,8b
35543,7b
35544,7b
35545,8b
35546,8b
35548,7b
35549,10a
35550,8a
35551,8a
35552,7b
35553,8a
35554,8b
35555,8b
35559,8a
35560,8a
35563,7b
35564,9b
35565,8a
35570,8a
35571,8a
35572,9a
35573,8b
35574,8a
35575,7b
35576,8a
35577,7b
35578,8a
35579,8a
35580,8b
35581,8b
35582,8a
35584,9a
35585,8a
35586,8a
35587,8a
35592,8a
35593,7b
35594,7b
35601,8a
35602,8a
35603,8b
35609,8a
35610,8a
35611,8a
35612,8a
35613,8a
35614,8a
35615,8a
35616,7b
35617,9b
35618,8b
35619,8a
35620,7b
35621,8a
35622,8a
35630,8b
35631,8a
35632,8a
35633,8a
35634,8b
35640,9a
35643,8b
35645,8b
35646,9a
35647,9b
35648,8a
35649,10a
35650,8a
35651,8a
35652,8a
35653,8a
35654,8a
35660,8b
35661,8a
35662,8a
35670,9a
35671,8a
35672,8b
35673,8a
35674,8a
35677,8a
35699,8a
35739,8a
35740,8b
35741,8b
35742,8a
35744,8b
35745,7b
35746,7b
35747,8a
35748,10a
35749,8b
35750,8a
35751,7b
35752,7b
35754,8a
35755,8a
35756,8b
35757,8a
35758,8a
35759,10a
35760,8b
35761,8b
35762,8a
35763,8b
35764,8a
35765,7b
35766,7b
35767,8a
35768,7b
35769,8b
35771,8a
35772,7b
35773,8a
35774,8a
35775,8b
35776,8b
35801,8b
35802,8a
35803,8a
35804,8a
35805,8a
35806,8a
35807,8b
35808,8a
35809,8a
35810,8a
35811,10a
35812,10a
35813,9a
35814,9a
35815,8a
35816,8b
35824,8a
35893,10a
35894,8a
35895,8a
35896,8a
35897,8a
35899,8a
35901,8b
35902,8a
35903,8b
35904,9a
35905,8b
35906,8a
35907,9a
35950,8a
35951,8a
35952,8a
35953,8a
35954,8a
35956,8a
35957,8b
35958,7b
35959,8a
35960,8a
35961,9a
35962,8a
35963,8a
35964,8a
35966,7b
35967,7b
35968,8a
35971,8a
35972,8a
35973,8a
35974,8a
35975,8b
35976,8a
35978,7b
35979,8b
35980,9a
35981,7b
35983,8a
35984,8a
35986,8b
35987,8a
35988,7b
35989,8b
35990,8b
36003,9a
36005,8b
36006,9b
36008,8b
36009,9b
36010,8b
36013,8b
36015,8b
36016,9a
36017,8b
36020,8b
36022,9a
36023,9a
36024,9a
36025,8b
36026,8b
36027,9a
36028,8b
36029,9a
36030,9a
36031,8b
36032,8b
36033,8b
36034,8b
36035,10b
36036,9a
36037,9b
36039,8b
36040,9b
36041,8b
36042,8b
36043,9a
36045,10a
36046,8b
36047,8b
36048,8b
36049,8b
36051,10b
36052,8b
36053,9a
36054,8b
36057,8b
36061,8b
36062,8b
36064,9a
36065,10b
36066,9b
36067,8b
36068,8b
36069,8b
36071,9b
36072,9a
36075,9a
36078,9a
36079,8b
36080,9b
36081,8b
36082,8b
36083,8b
36087,8b
36088,8b
36089,8b
36091,9a
36092,9a
36093,9a
36101,8b
36102,8b
36103,9a
36104,8b
36105,8b
36106,9a
36107,8b
36108,8b
36109,8b
36110,8b
36111,8b
36112,8b
36113,10b
36115,10b
36116,8b
36117,8b
36118,9b
36119,10b
36120,8b
36121,8b
36123,8b
36124,8b
36125,8b
36131,8b
36132,9a
36135,8b
36140,9a
36141,8b
36142,9a
36177,8b
36191,10b
36201,8b
36202,10a
36203,8a
36204,8a
36205,9a
36206,8a
36207,9a
36250,8a
36251,8b
36253,8a
36254,9a
36255,8a
36256,8a
36257,8b
36258,10b
36260,8a
36261,8a
36262,8a
36263,8a
36264,8a
36265,8b
36266,8b
36267,9a
36268,8a
36269,8a
36271,8a
36272,9a
36273,8a
36274,9a
36275,8a
36276,8a
36277,8a
36278,8b
36279,8b
36280,8a
36301,9b
36302,9a
36303,9a
36304,11a
36305,9b
36310,8b
36311,8b
36312,10a
36313,8b
36314,10b
36316,8b
36317,9a
36318,8b
36319,9b
36320,11a
36321,9a
36322,8b
36323,8b
36330,8b
36331,9a
36340,9a
36343,9a
36344,9a
36345,9b
36346,8b
36350,9a
36351,9a
36352,8b
36353,9b
36360,8b
36361,8b
36362,8b
36370,9a
36371,9a
36373,9a
36374,8b
36375,9a
36376,9a
36401,9a
36420,8b
36421,8b
36425,9b
36426,8b
36427,9a
36429,9a
36432,8b
36435,8b
36436,8b
36439,8b
36441,9b
36442,8b
36444,8b
36445,8b
36446,9a
36449,8b
36451,9b
36453,9a
36454,8b
36455,9a
36456,8b
36457,8b
36458,8b
36460,8b
36461,8b
36467,8b
36470,9b
36471,8b
36473,8b
36474,8b
36475,9a
36476,8b
36477,9a
36480,8b
36481,8b
36482,8b
36483,9a
36502,8b
36503,10a
36504,9b
36505,8b
36507,9a
36509,9a
36511,9a
36512,9a
36513,9a
36518,8b
36521,8b
36522,9a
36523,9a
36524,8b
36525,8b
36526,9a
36527,9b
36528,9b
36529,9b
36530,9a
36532,9a
36533,9a
36535,9b
36536,9a
36538,8b
36539,9a
36540,8b
36541,9b
36542,9a
36543,9b
36544,9a
36545,8b
36547,9a
36548,8b
36549,10a
36550,10b
36551,9a
36553,9a
36555,9a
36556,8b
36558,9a
36559,9a
36560,8b
36561,9a
36562,11a
36564,9a
36567,9a
36568,9b
36569,9b
36571,9a
36572,8b
36574,9a
36575,9a
36576,9a
36577,11b
36578,11a
36579,8b
36580,9a
36581,9a
36582,10a
36583,9a
36584,8b
36585,8b
36587,9b
36590,9a
36601,9a
36602,9a
36603,9a
36604,9a
36605,9a
36606,9a
36607,9a
36608,9a
36609,9a
36610,9a
36611,9a
36612,10a
36613,9a
36615,10a
36616,9a
36617,9a
36618,9b
36619,9b
36628,9a
36633,11a
36640,9b
36641,9b
36644,9a
36652,9a
36660,9a
36663,9a
36670,9b
36671,9a
36675,10a
36685,9a
36688,9a
36689,9a
36691,9a
36693,11a
36695,9a
36701,8b
36702,9b
36703,9a
36720,8b
36722,8b
36723,8b
36726,9a
36727,8b
36728,8b
36732,8b
36736,8b
36738,8b
36740,8b
36741,8b
36742,8b
36744,9a
36745,8b
36748,8b
36749,8b
36750,9b
36751,8b
36752,8b
36753,9a
36754,8b
36756,9a
36758,8b
36759,9b
36761,8b
36763,8b
36764,8b
36765,8b
36766,8b
36767,8b
36768,8b
36769,8b
36773,9b
36775,9a
36776,8b
36782,8b
36783,8b
36784,8b
36785,9b
36786,8b
36790,8b
36792,8a
36793,8a
36801,9a
36802,8b
36803,8a
36804,9a
36830,8b
36831,8b
36832,9a
36849,8b
36850,8a
36851,9a
36852,8a
36853,9a
36854,8b
36855,8a
36856,8b
36858,9b
36859,8b
36860,9b
36861,8a
36862,8a
36863,8a
36865,8b
36866,9a
36867,9a
36868,8b
36869,9a
36870,8b
36871,9a
36872,8b
36874,8b
36875,8b
36877,8b
36879,8b
36901,9b
36904,8b
36907,8b
36908,9a
36910,9a
36912,8b
36913,8b
36915,9b
36916,8b
36919,8b
36921,8b
36922,8b
36925,8b
37010,8a
37011,8a
37012,7b
37013,8b
37014,7b
37015,7b
37016,7b
37018,7b
37019,7b
37020,7b
37022,7b
37023,7b
37024,8a
37025,8a
37026,7b
37027,7b
37028,9b
37029,7b
37030,7b
37031,8a
37032,7b
37033,8a
37034,7b
37035,7a
37036,7b
37037,10a
37040,7b
37041,7b
37042,7b
37043,7b
37044,7b
37046,7b
37047,7b
37048,7b
37049,7b
37050,7b
37051,7b
37052,7b
37055,7b
37056,7b
37057,7b
37058,8a
37059,7b
37060,7b
37061,8a
37062,8a
37063,7b
37064,7b
37065,8a
37066,7b
37067,7b
37068,7b
37069,7b
37070,7b
37071,8a
37072,7b
37073,7a
37074,7b
37075,7b
37076,7b
37077,8a
37078,8a
37079,8b
37080,7b
37082,8a
37083,7b
37085,7b
37086,7b
37087,8a
37088,8a
37089,8b
37090,8a
37091,8a
37095,8a
37096,8a
37097,8b
37098,7b
37101,8a
37110,7b
37111,7b
37115,7b
37116,9b
37118,7b
37119,9b
37121,8a
37122,7b
37127,7b
37128,7b
37129,7b
37130,7b
37131,7b
37132,7b
37133,8a
37134,8a
37135,8a
37136,7b
37137,7b
37138,7b
37140,7b
37141,7a
37142,7b
37143,7b
37144,8a
37145,7b
37146,7a
37148,7b
37149,9b
37150,7b
37151,7b
37152,7a
37153,7b
37160,7b
37161,7b
37162,7b
37165,7b
37166,9b
37167,7b
37171,8a
37172,7a
37174,8a
37175,7b
37178,7b
37179,7b
37180,7b
37181,8a
37183,7b
37184,7b
37185,7b
37186,7b
37187,8a
37188,7a
37189,9b
37190,7b
37191,7b
37201,7b
37202,7b
37203,8a
37204,9b
37205,9b
37206,7b
37207,8a
37208,7b
37209,7b
37210,8a
37211,7b
37212,7b
37213,7b
37214,9b
37215,7b
37216,7b
37217,7b
37218,8a
37219,7b
37220,7b
37221,8b
37222,7b
37224,7b
37227,8a
37228,8b
37229,7b
37230,7b
37234,10a
37235,7b
37236,8a
37238,7b
37241,8a
37242,7b
37244,8a
37246,7b
37250,8a
37301,7b
37302,8a
37303,7b
37304,9b
37305,7a
37306,8a
37307,7b
37308,8b
37309,7b
37310,7b
37311,9b
37312,7b
37313,7b
37314,7b
37315,9a
37316,8a
37317,7b
37318,8a
37320,10a
37321,10a
37322,7b
37323,7b
37324,8a
37325,8a
37326,7b
37327,7b
37328,8b
37329,8a
37330,7b
37331,7b
37332,7b
37333,7b
37334,7b
37335,7b
37336,9b
37337,8a
37338,8a
37339,7a
37340,7b
37341,8a
37342,7b
37343,8b
37345,8a
37347,8b
37348,8a
37349,8b
37350,7b
37351,9a
37352,7b
37353,8a
37354,7b
37355,7b
37356,7b
37357,7b
37359,9b
37360,7b
37361,7b
37362,8b
37363,9a
37364,8a
37365,8a
37366,8a
37367,7a
37369,7b
37370,7b
37371,8b
37373,7b
37374,8b
37375,8a
37376,7b
37377,8a
37378,7b
37379,7b
37380,8b
37381,7b
37382,7b
37383,7b
37384,8a
37385,8b
37387,7b
37388,7b
37389,7b
37391,7b
37394,9b
37396,7b
37397,8a
37398,9b
37401,8a
37402,8a
37403,8a
37404,8b
37405,7b
37406,9a
37407,8a
37408,8a
37409,9a
37410,8a
37411,8a
37412,8b
37414,8a
37415,8a
37416,8a
37419,8a
37421,8a
37422,10a
37424,8a
37501,8a
37544,8b
37601,8a
37602,7b
37604,7b
37605,7b
37614,7b
37615,7b
37616,8a
37617,8a
37618,7b
37620,7a
37621,7b
37625,10a
37640,7a
37641,7a
37642,7a
37643,7a
37644,8a
37645,7b
37650,7a
37656,7a
37657,7a
37658,7b
37659,7b
37660,8a
37662,7b
37663,7b
37664,7b
37665,8b
37669,7b
37680,7a
37681,8a
37682,8a
37683,9a
37684,8a
37686,7b
37687,6b
37688,7b
37690,8a
37691,7a
37692,7a
37694,7b
37699,7b
37701,8b
37705,7b
37707,7b
37708,7b
37709,7b
37710,8a
37711,8a
37713,7b
37714,8a
37715,7b
37716,7b
37717,7b
37719,8a
37721,8b
37722,7b
37723,7a
37724,7b
37725,8a
37726,7b
37727,8b
37729,7b
37730,8a
37731,7a
37732,9a
37733,7b
37737,8a
37738,7a
37742,8b
37743,7a
37744,7a
37745,8b
37748,7b
37752,7b
37753,8b
37754,8a
37755,7a
37756,7a
37757,7b
37760,8a
37762,7a
37763,7b
37764,7b
37765,7a
37766,7b
37769,8a
37770,7b
37771,7b
37772,7b
37773,7a
37774,8a
37777,8a
37779,7b
37801,9b
37802,7b
37803,7b
37804,8a
37806,7b
37807,8a
37809,9b
37810,8b
37811,7b
37813,7b
37814,8a
37815,7b
37816,8a
37818,7b
37819,8a
37820,8a
37821,8a
37822,7b
37824,7b
37825,7b
37826,7b
37828,8a
37829,7b
37830,7b
37831,8a
37840,8a
37841,7a
37843,9b
37845,7a
37846,7b
37847,7a
37848,8a
37849,8a
37851,8a
37852,7a
37853,7b
37854,7a
37857,7b
37860,8b
37861,7b
37862,7b
37863,7b
37864,8b
37865,7b
37866,8a
37867,7a
37868,7b
37869,7b
37870,7a
37871,8a
37872,8a
37873,7a
37874,9b
37876,7b
37877,8a
37878,8a
37879,7a
37880,7b
37881,7a
37882,8a
37885,7b
37886,8b
37887,8a
37888,8a
37890,8a
37891,7b
37892,7a
37901,7b
37902,7b
37909,8a
37912,8a
37914,7b
37915,8a
37916,8b
37917,7b
37918,8a
37919,8a
37920,7b
37921,9b
37922,7b
37923,7b
37924,8a
37927,7b
37928,7b
37929,7b
37930,7b
37931,7b
37932,8a
37933,8a
37934,7b
37938,9b
37939,7b
37940,7b
37950,7b
37995,8a
37997,7b
38001,7b
38002,8a
38004,8a
38006,8a
38007,7b
38008,7b
38010,10a
38011,9a
38012,8b
38014,8a
38015,8a
38016,9a
38017,8b
38018,8b
38019,8b
38021,9b
38023,9a
38024,7b
38025,7b
38027,8a
38028,8a
38029,8a
38030,8a
38034,7b
38036,8a
38037,7b
38039,7b
38040,8a
38041,8b
38042,7b
38044,7b
38045,7b
38047,8a
38048,8a
38049,8a
38050,7b
38052,7b
38053,8a
38054,8b
38055,10a
38057,8a
38058,8a
38059,8b
38060,8b
38061,8a
38063,10b
38066,8a
38067,8a
38068,8a
38069,10a
38070,8a
38071,10a
38075,8a
38076,8a
38077,8a
38079,7b
38080,7b
38083,8b
38088,8b
38101,8a
38103,8a
38104,8a
38105,8b
38106,8a
38107,8a
38108,8b
38109,8a
38111,8b
38112,9a
38113,8a
38114,8b
38115,8a
38116,8a
38117,8a
38118,9a
38119,9a
38120,8a
38122,8b
38124,8a
38125,8b
38126,8b
38127,8a
38128,8b
38130,8a
38131,8a
38132,8b
38133,8a
38134,8b
38135,9a
38136,8a
38137,8a
38138,8a
38139,9a
38141,8a
38145,8b
38148,9a
38150,8a
38151,8a
38157,8a
38159,8a
38161,8a
38163,8b
38166,10a
38167,8b
38168,8a
38173,10a
38174,8a
38175,8a
38177,8b
38181,8b
38182,8a
38183,8a
38184,10a
38186,8b
38187,8a
38188,8a
38190,8a
38193,8b
38194,8a
38197,8a
38201,7b
38220,7b
38221,7b
38222,8b
38223,8a
38224,7b
38225,7b
38226,7b
38229,8a
38230,7b
38231,7b
38232,8a
38233,7b
38235,7b
38236,7b
38237,7b
38240,8a
38241,8b
38242,7b
38251,7b
38253,7b
38254,7b
38255,7b
38256,8a
38257,8a
38258,8a
38259,7b
38260,7b
38261,7b
38271,7b
38281,7b
38301,8a
38302,8a
38303,9b
38305,7b
38308,7b
38310,7b
38311,8a
38313,7b
38314,8a
38315,7b
38316,9b
38317,8a
38318,9b
38320,8b
38321,8b
38324,7b
38326,7b
38327,8a
38328,9b
38329,7b
38330,7b
38331,7b
38332,7b
38333,7b
38334,8b
38336,8a
38337,8a
38338,7b
38339,8a
38340,7b
38341,8a
38342,8a
38343,7b
38344,7b
38345,10a
38346,7b
38347,7b
38348,7b
38351,8b
38352,8a
38355,7b
38356,7b
38357,7b
38358,8a
38359,7b
38361,8a
38362,8a
38363,7b
38365,7b
38366,7b
38367,7b
38368,7b
38369,8b
38370,7b
38371,7b
38372,7b
38374,7b
38375,8a
38376,7b
38377,7b
38378,8b
38379,7b
38380,8a
38381,8a
38382,7b
38387,7b
38388,7b
38389,8a
38390,7b
38391,7b
38392,8b
38393,8a
38401,8b
38402,7b
38425,8a
38449,8a
38450,8a
38451,7b
38452,7b
38453,8a
38454,7b
38455,7b
38456,8b
38457,7b
38459,7b
38460,8b
38461,8a
38462,7b
38463,8a
38464,7b
38468,9b
38469,10a
38471,8a
38472,7b
38473,7b
38474,7b
38475,7b
38476,7b
38477,7b
38478,7b
38481,7b
38482,9b
38483,8a
38485,8a
38486,8b
38487,7b
38488,8a
38501,7b
38502,9a
38503,9a
38504,7b
38506,7a
38541,8a
38542,7b
38543,7a
38544,7b
38545,7b
38547,7b
38548,7b
38549,7a
38550,7b
38551,7a
38552,7b
38553,7a
38554,7a
38555,7a
38556,7b
38557,7b
38558,7b
38559,8a
38560,9b
38562,7a
38563,8a
38564,7b
38565,7b
38567,8a
38568,7a
38569,7b
38570,7a
38571,7a
38572,8a
38573,7a
38574,7b
38575,7a
38577,7a
38578,7a
38579,7b
38580,7a
38581,8b
38582,7b
38583,8a
38585,7a
38587,7b
38588,7a
38589,7b
38601,8a
38602,8b
38603,7b
38606,10a
38609,8a
38610,9a
38611,8b
38614,8b
38617,8b
38618,8a
38619,8b
38620,8a
38621,8b
38622,8a
38623,8b
38625,7b
38626,8b
38627,9a
38628,8a
38629,9b
38630,9b
38631,8a
38632,8a
38633,8b
38634,7b
38635,7b
38637,8b
38638,9a
38639,8a
38641,8a
38642,8a
38643,9a
38644,8a
38645,8b
38646,8b
38647,8b
38649,8a
38650,8a
38651,10a
38652,8a
38654,8a
38655,8a
38658,8a
38659,8b
38661,8a
38663,8b
38664,8a
38665,8a
38666,8a
38668,8b
38669,8b
38670,8b
38671,8a
38672,8b
38673,8b
38674,8b
38675,9b
38676,8a
38677,7b
38679,8a
38680,8b
38683,7b
38685,9a
38686,8a
38701,8b
38702,9a
38703,8b
38704,9b
38720,8b
38721,9b
38722,8b
38723,8b
38725,8b
38726,8b
38730,8b
38731,8b
38732,10b
38736,8b
38737,8b
38738,8b
38739,8b
38740,9a
38744,8b
38745,9a
38746,9b
38748,8b
38749,8b
38751,8b
38753,8b
38754,8b
38756,8b
38759,8b
38760,9a
38761,9a
38762,8b
38764,9b
38765,9b
38767,8b
38768,8b
38769,8b
38771,8b
38772,8b
38773,9a
38774,9a
38776,8b
38778,8b
38781,8b
38782,8b
38801,8a
38802,8b
38803,8a
38804,8a
38820,8a
38821,8a
38824,8b
38825,8a
38826,8b
38827,8b
38828,8a
38829,8a
38833,8a
38834,8a
38835,8a
38838,8a
38841,8a
38843,8a
38844,8b
38846,8a
38847,8b
38848,8a
38849,8b
38850,8a
38851,8a
38852,7b
38855,8a
38856,9a
38857,8b
38858,8a
38859,8b
38860,8b
38862,8a
38863,8a
38864,8b
38865,8a
38866,8a
38868,8a
38869,8b
38870,8b
38871,8a
38873,7b
38874,8b
38875,8a
38876,8b
38877,8a
38878,8a
38880,8a
38901,8a
38902,8b
38913,8a
38914,8a
38915,9a
38916,8a
38917,8b
38920,8a
38921,8a
38922,8a
38923,10a
38924,8b
38925,8b
38926,10b
38927,8a
38928,9a
38929,8b
38930,8b
38935,8b
38940,8a
38941,8b
38943,8a
38944,9b
38945,8b
38946,9a
38947,8a
38948,8a
38949,9a
38950,8b
38951,8b
38952,8b
38953,8a
38954,8b
38955,8a
38957,9b
38958,9b
38959,8b
38960,8a
38961,8b
38962,8b
38963,9a
38964,8b
38965,8b
38966,10b
38967,10a
39038,8b
39039,8b
39040,9a
39041,9a
39042,9a
39043,8b
39044,8b
39045,9a
39046,9b
39047,9a
39051,8b
39054,8b
39056,8b
39057,8b
39059,9b
39060,8b
39061,8b
39062,8b
39063,9a
39066,9a
39067,8a
39069,8b
39071,8b
39073,8b
39074,10b
39077,8b
39078,9b
39079,9a
39080,8b
39081,9a
39082,8b
39083,9a
39086,8b
39087,8b
39088,9a
39090,8b
39092,8b
39094,8b
39095,8a
39096,8b
39097,9a
39098,11a
39107,8b
39108,8b
39109,9a
39110,9b
39111,8b
39113,8b
39114,8b
39115,8b
39116,9a
39117,8b
39119,9a
39120,9a
39121,9a
39122,9a
39130,8b
39140,8b
39144,8b
39145,8b
39146,8b
39148,8b
39149,8b
39150,8b
39151,10b
39152,8b
39153,9a
39154,8b
39156,9a
39157,8b
39158,9a
39159,8b
39160,8b
39161,8b
39162,8b
39163,9a
39165,8b
39166,8b
39167,9a
39168,9a
39169,8b
39170,8b
39171,9a
39173,8b
39174,8b
39175,9a
39176,9a
39177,10b
39179,9a
39180,8b
39181,8b
39182,8b
39183,8b
39189,9a
39190,10b
39191,8b
39192,8a
39193,8b
39194,9b
39201,8b
39202,9a
39203,8b
39204,9a
39205,9a
39206,8b
39207,8b
39208,9a
39209,8b
39211,8b
39212,8b
39213,8b
39215,9b
39216,8b
39217,8b
39218,9a
39225,9a
39232,8b
39236,9b
39250,8b
39269,8b
39271,8b
39272,9a
39282,9a
39283,9a
39284,9a
39286,8b
39288,10b
39289,8b
39296,8b
39298,8b
39301,8b
39302,8b
39303,9a
39304,8b
39305,8b
39307,9a
39309,9a
39320,9a
39322,8b
39323,9a
39324,9a
39325,8b
39326,8b
39327,8b
39328,9a
39330,8b
39332,10b
39335,8b
39336,8b
39337,8b
39338,8b
39339,8a
39341,8b
39342,9a
39345,8b
39346,8b
39347,8b
39348,8b
39350,8b
39352,9a
39354,9a
39355,11a
39356,9a
39358,8b
39359,10b
39360,8b
39361,9a
39362,10b
39363,8b
39364,8b
39365,9a
39366,8b
39367,8b
39401,8b
39402,8b
39403,8b
39404,9a
39406,8b
39407,9b
39421,8b
39422,11a
39423,10b
39425,8b
39426,11b
39427,8b
39428,8b
39429,8b
39436,8b
39437,8b
39439,9a
39440,8b
39441,8b
39442,10b
39443,8b
39451,8b
39452,8b
39455,9b
39456,8b
39457,9b
39459,8b
39460,9a
39461,8b
39462,9a
39463,9a
39464,9a
39465,9a
39466,9b
39470,9a
39474,9b
39475,8b
39476,9a
39477,9b
39478,10a
39479,8b
39480,10b
39481,8b
39482,9a
39483,8b
39501,9b
39502,9b
39503,9b
39505,9a
39506,9a
39507,9a
39520,9a
39521,9a
39522,9a
39525,9b
39529,9a
39530,11a
39531,9b
39532,9a
39533,9a
39534,10a
39535,9a
39540,9a
39552,9b
39553,9a
39555,9a
39556,9b
39558,9a
39560,9a
39561,10a
39562,9a
39563,9a
39564,9a
39565,9a
39566,11a
39567,9a
39568,9a
39569,9a
39571,9b
39572,9b
39573,9b
39574,9b
39576,9a
39577,9a
39581,9a
39595,10a
39601,8b
39602,9b
39603,9a
39629,8b
39630,8b
39631,11a
39632,9a
39633,9a
39635,8b
39638,8b
39641,9b
39643,9a
39645,8b
39647,9b
39648,8b
39649,9a
39652,8b
39653,8b
39654,8b
39656,8b
39657,8b
39661,8b
39662,8b
39663,9b
39664,8b
39665,8b
39666,8b
39667,9a
39668,8b
39669,9a
39701,8b
39702,8b
39703,9b
39704,9a
39705,9a
39730,8b
39735,8b
39736,9a
39737,9a
39739,9a
39740,8b
39741,8a
39743,8b
39744,8a
39745,8a
39746,10a
39747,8b
39750,8a
39751,8a
39752,8a
39753,8a
39754,8a
39755,8a
39756,8a
39759,8b
39760,8b
39762,8a
39766,9a
39767,8a
39769,8a
39771,8b
39772,8b
39773,10a
39776,10a
39813,8b
39815,9a
39817,9a
39818,9b
39819,11a
39823,9a
39824,8b
39825,9a
39826,10b
39827,9b
39828,9a
39829,11a
39832,9b
39834,9a
39836,8b
39837,9b
39840,9b
39841,9b
39842,9a
39845,9a
39846,9a
39851,10b
39852,10a
39854,9a
39859,11a
39861,9a
39862,9a
39866,8b
39867,9b
39870,8b
39877,8b
39885,9b
39886,8b
39897,9b
39901,8a
